75	3 Doors Down	https://www.last.fm/music/3+Doors+Down	https://lastfm-img2.akamaized.net/i/u/300x300/63897cf552b04e71bddeba9d7eea1b32.jpg
3	30 Seconds to Mars	https://www.last.fm/music/30+Seconds+to+Mars	https://lastfm-img2.akamaized.net/i/u/300x300/c97d45ad3fb5c3e77161d010a3b9c106.jpg
1	A Perfect Circle	https://www.last.fm/music/A+Perfect+Circle	https://lastfm-img2.akamaized.net/i/u/300x300/bbce9ae0e72c92682c2490cce9ea5042.jpg
2	ABBA	https://www.last.fm/music/ABBA	https://lastfm-img2.akamaized.net/i/u/300x300/a3c10f4026ac4de6cd529692bc941769.png
4	AC/DC	https://www.last.fm/music/AC%2FDC	https://lastfm-img2.akamaized.net/i/u/300x300/91219086f5cb4d3083c5d4992001cf44.png
1	AFI	https://www.last.fm/music/AFI	https://lastfm-img2.akamaized.net/i/u/300x300/28d29ccd38bc4249b99002cb13eb93d6.jpg
1	ASP	https://www.last.fm/music/ASP	https://lastfm-img2.akamaized.net/i/u/300x300/14f4b275c13c4f18adb82902c64f3d47.jpg
5	Aaron Johnson	https://www.last.fm/music/Aaron+Johnson	https://lastfm-img2.akamaized.net/i/u/300x300/9d47cf0ab4284d60a8608ed82fbb2b13.jpg
1	Across the Border	https://www.last.fm/music/Across+the+Border	https://lastfm-img2.akamaized.net/i/u/300x300/fcd5f079478b4e65905fef9ebfa69cf8.jpg
1	Adam Gussow	https://www.last.fm/music/Adam+Gussow	https://lastfm-img2.akamaized.net/i/u/300x300/633c7208b53e4eac8fe4ecc49a42dbac.jpg
1	Adolescents	https://www.last.fm/music/Adolescents	https://lastfm-img2.akamaized.net/i/u/300x300/aa9acd1bc94c452ca2fdb8d8588615c1.jpg
21	Aerosmith	https://www.last.fm/music/Aerosmith	https://lastfm-img2.akamaized.net/i/u/300x300/cb22bf07a2ef42838fc66f56c338d2f6.jpg
1	Airbourne	https://www.last.fm/music/Airbourne	https://lastfm-img2.akamaized.net/i/u/300x300/60bf6c536a8746758f86c258b646feb0.jpg
5	Alan Silvestri	https://www.last.fm/music/Alan+Silvestri	https://lastfm-img2.akamaized.net/i/u/300x300/e5781bb988f24ea295175a3fe2d45c3c.png
1	Alestorm	https://www.last.fm/music/Alestorm	https://lastfm-img2.akamaized.net/i/u/300x300/f80740a58db0459ac55f8566c5a92875.png
27	Alexandre Desplat	https://www.last.fm/music/Alexandre+Desplat	https://lastfm-img2.akamaized.net/i/u/300x300/a7375cc99e18495a8f4f1a881046866b.png
2	Alias	https://www.last.fm/music/Alias	https://lastfm-img2.akamaized.net/i/u/300x300/c919a56fbd37438dbe0a744dfa1c4bb5.jpg
1	Alien Ant Farm	https://www.last.fm/music/Alien+Ant+Farm	https://lastfm-img2.akamaized.net/i/u/300x300/fa90c2c311b843e68bacd5152bca156d.jpg
5	Alkaline Trio	https://www.last.fm/music/Alkaline+Trio	https://lastfm-img2.akamaized.net/i/u/300x300/a6689df443d342f9bbc24e5fba073f2e.jpg
23	All Time Low	https://www.last.fm/music/All+Time+Low	https://lastfm-img2.akamaized.net/i/u/300x300/8eeae04958f338b8dfc4f3562c92ffbf.jpg
15	Amanda Seyfried	https://www.last.fm/music/Amanda+Seyfried	https://lastfm-img2.akamaized.net/i/u/300x300/beecad276cf65bf6d0d534da543cb30b.png
5	Amber Run	https://www.last.fm/music/Amber+Run	https://lastfm-img2.akamaized.net/i/u/300x300/f0f9d27912e4098fd2dbd18593096e52.jpg
1	America	https://www.last.fm/music/America	https://lastfm-img2.akamaized.net/i/u/300x300/e72cc57a2b5d4c6784d6547ecf559a21.jpg
1	Anders Johansson	https://www.last.fm/music/Anders+Johansson	https://lastfm-img2.akamaized.net/i/u/300x300/798d8d11864e4f37a3a1537be4c4f542.jpg
6	Andrea Bocelli	https://www.last.fm/music/Andrea+Bocelli	https://lastfm-img2.akamaized.net/i/u/300x300/e5b0e726cfd93eb4614036c9e28d4665.jpg
1	Andy Williams	https://www.last.fm/music/Andy+Williams	https://lastfm-img2.akamaized.net/i/u/300x300/4cf79dfc331b4f0a8adcdd9150039e13.jpg
1	Angus & Julia Stone	https://www.last.fm/music/Angus+&+Julia+Stone	https://lastfm-img2.akamaized.net/i/u/300x300/6d20b6e2e4534916c9b78a1bcceb75d7.png
1	Anti-Flag	https://www.last.fm/music/Anti-Flag	https://lastfm-img2.akamaized.net/i/u/300x300/c09d93946c184eb9ae8fe8dd24d49e3f.jpg
6	Anya Marina	https://www.last.fm/music/Anya+Marina	https://lastfm-img2.akamaized.net/i/u/300x300/72897a8e44ce449e98efc339f5e5c45b.png
1	Aqualung & Lucy Schwartz	https://www.last.fm/music/Aqualung+&+Lucy+Schwartz	https://lastfm-img2.akamaized.net/i/u/300x300/a7b1ea903cd540f9c02418644bf70e9a.png
1	Arcady	https://www.last.fm/music/Arcady	https://lastfm-img2.akamaized.net/i/u/300x300/c604427127a44325a43d3dff921ceca7.jpg
3	Arctic Monkeys	https://www.last.fm/music/Arctic+Monkeys	https://lastfm-img2.akamaized.net/i/u/300x300/8c2778116e684760c7a63463365e1b11.png
1	Art Brut	https://www.last.fm/music/Art+Brut	https://lastfm-img2.akamaized.net/i/u/300x300/f5d0b048c7e242fcc28694725404f644.png
3	Art Garfunkel	https://www.last.fm/music/Art+Garfunkel	https://lastfm-img2.akamaized.net/i/u/300x300/fdbb20009114435394dceb655a99ae53.jpg
1	As It Is	https://www.last.fm/music/As+It+Is	https://lastfm-img2.akamaized.net/i/u/300x300/6e1c0e4a059fa608f54ee4540d03d18a.jpg
1	Asia	https://www.last.fm/music/Asia	https://lastfm-img2.akamaized.net/i/u/300x300/d94a7857b6b94d56aae43761beb7fd6f.jpg
127	Athlete	https://www.last.fm/music/Athlete	https://lastfm-img2.akamaized.net/i/u/300x300/2efada90a7f04d7a93305d1e210f68a8.jpg
3	Audioslave	https://www.last.fm/music/Audioslave	https://lastfm-img2.akamaized.net/i/u/300x300/a0d01f97f2dc359bb85cea5baf39ac32.png
1	Auld Corn Brigade	https://www.last.fm/music/Auld+Corn+Brigade	https://lastfm-img2.akamaized.net/i/u/300x300/55bf449021a249a2825bb6332aeea6ae.jpg
2073	Avenged Sevenfold	https://www.last.fm/music/Avenged+Sevenfold	https://lastfm-img2.akamaized.net/i/u/300x300/b932ccf6296f62baf6dc3cb396ef70f5.jpg
368	BBC National Orchestra of Wales	https://www.last.fm/music/BBC+National+Orchestra+of+Wales	https://lastfm-img2.akamaized.net/i/u/300x300/7966581ebd6e4b71a720b52a09bf26d1.jpg
1	Bad English	https://www.last.fm/music/Bad+English	https://lastfm-img2.akamaized.net/i/u/300x300/228717b8287c4c30a56601ea6c9d3f54.png
11	Bad Religion	https://www.last.fm/music/Bad+Religion	https://lastfm-img2.akamaized.net/i/u/300x300/aaa163f6ac36479fac24fc461baed91d.jpg
130	Bad Wolf	https://www.last.fm/music/Bad+Wolf	https://lastfm-img2.akamaized.net/i/u/300x300/8761ffea4cdb49be86e56cad858306a9.jpg
22	Band Aid	https://www.last.fm/music/Band+Aid	https://lastfm-img2.akamaized.net/i/u/300x300/80eb8023fc6578fe3d362502f809c47d.jpg
5	Band of Horses	https://www.last.fm/music/Band+of+Horses	https://lastfm-img2.akamaized.net/i/u/300x300/472cf95ee7fc46d4bee0612c613ce56d.jpg
10	Band of Skulls	https://www.last.fm/music/Band+of+Skulls	https://lastfm-img2.akamaized.net/i/u/300x300/056a2842884e47aac74e5cbd0d8eccf3.png
4	Barenaked Ladies	https://www.last.fm/music/Barenaked+Ladies	https://lastfm-img2.akamaized.net/i/u/300x300/a628d34af79341a4b09f8de7891449b7.jpg
2	Barleycorn	https://www.last.fm/music/Barleycorn	https://lastfm-img2.akamaized.net/i/u/300x300/43e2eada238a46e0980832d888c1d296.jpg
45	Barleyjuice	https://www.last.fm/music/Barleyjuice	https://lastfm-img2.akamaized.net/i/u/300x300/45f984a777d54a499df06eecdd811f31.jpg
2	Bastard Bearded Irishmen	https://www.last.fm/music/Bastard+Bearded+Irishmen	https://lastfm-img2.akamaized.net/i/u/300x300/ace53af503e44694bff8f84827c25623.jpg
6	Beck and Bat For Lashes	https://www.last.fm/music/Beck+and+Bat+For+Lashes	https://lastfm-img2.akamaized.net/i/u/300x300/4fd49a188d9d423cbe16986f235dc61f.png
3	Beoga	https://www.last.fm/music/Beoga	https://lastfm-img2.akamaized.net/i/u/300x300/fa1b848cd1e14a83bea3d09e444ba516.jpg
2	Billy Idol	https://www.last.fm/music/Billy+Idol	https://lastfm-img2.akamaized.net/i/u/300x300/45a8f7eca0616dd5979594735a34e058.png
2	Billy Squier	https://www.last.fm/music/Billy+Squier	https://lastfm-img2.akamaized.net/i/u/300x300/6be25ea149dc46918fa814afedf38e0b.jpg
838	Billy Talent	https://www.last.fm/music/Billy+Talent	https://lastfm-img2.akamaized.net/i/u/300x300/11b7b937875a42808c7f23341cc4611e.png
2	Birdy	https://www.last.fm/music/Birdy	https://lastfm-img2.akamaized.net/i/u/300x300/736e4f4083524c2d3a546fcc295f411a.jpg
1	Black 47	https://www.last.fm/music/Black+47	https://lastfm-img2.akamaized.net/i/u/300x300/44b10b99a7ad4b9dab21a5bcafbfe10e.jpg
8	Black Rebel Motorcycle Club	https://www.last.fm/music/Black+Rebel+Motorcycle+Club	https://lastfm-img2.akamaized.net/i/u/300x300/2268d62d77534b1db93eb4663ced746b.png
1	Black Sabbath	https://www.last.fm/music/Black+Sabbath	https://lastfm-img2.akamaized.net/i/u/300x300/69c4e3e6edc09e3c0d0b17dcb7bd96d1.png
30	Blaggards	https://www.last.fm/music/Blaggards	https://lastfm-img2.akamaized.net/i/u/300x300/aa19129a345c4be0926685e97d3cf760.jpg
1	Bloc Party	https://www.last.fm/music/Bloc+Party	https://lastfm-img2.akamaized.net/i/u/300x300/697500d18da74c598bedf983f4933207.jpg
8	Blood or Whiskey	https://www.last.fm/music/Blood+or+Whiskey	https://lastfm-img2.akamaized.net/i/u/300x300/130b30544e6f4b429a4c1c9e0122b9c6.jpg
8	Blue Foundation	https://www.last.fm/music/Blue+Foundation	https://lastfm-img2.akamaized.net/i/u/300x300/00feb8b013ce417499219c3319653cd5.jpg
1	Blues Saraceno	https://www.last.fm/music/Blues+Saraceno	https://lastfm-img2.akamaized.net/i/u/300x300/f4a4d19709b54e33a210234deb09d317.jpg
1	Bob Dylan	https://www.last.fm/music/Bob+Dylan	https://lastfm-img2.akamaized.net/i/u/300x300/f96fcaccd48b4d58bb4e5bf7972133ca.jpg
5	Bobby Fuller Four	https://www.last.fm/music/Bobby+Fuller+Four	https://lastfm-img2.akamaized.net/i/u/300x300/4ddfdc313c374b39bb7d31dc0cd20d9a.jpg
14	Bodh’aktan	https://www.last.fm/music/Bodh%E2%80%99aktan	https://lastfm-img2.akamaized.net/i/u/300x300/04dcaba52f9ac9b1c3614646e08b93f9.jpg
4	Bon Iver	https://www.last.fm/music/Bon+Iver	https://lastfm-img2.akamaized.net/i/u/300x300/5c6b9c8e1fa8379cec45821b6c9cda1e.jpg
6	Bon Iver & St. Vincent	https://www.last.fm/music/Bon+Iver+&+St.+Vincent	https://lastfm-img2.akamaized.net/i/u/300x300/2a3296a146e5408eb8564088b13d5963.png
4540	Bon Jovi	https://www.last.fm/music/Bon+Jovi	https://lastfm-img2.akamaized.net/i/u/300x300/6ba22f56b47ad43f64fef8ba0223a39d.png
10	Bootstraps	https://www.last.fm/music/Bootstraps	https://lastfm-img2.akamaized.net/i/u/300x300/71b0b69a69f049e5c9655023adf445ee.jpg
1	Boris Oštrić & Ribari	https://www.last.fm/music/Boris+O%C5%A1tri%C4%87+&+Ribari	
3	Boston	https://www.last.fm/music/Boston	https://lastfm-img2.akamaized.net/i/u/300x300/c6c20ba1531b4f39bdf29c2ffea35ede.jpg
9	Brand New	https://www.last.fm/music/Brand+New	https://lastfm-img2.akamaized.net/i/u/300x300/9c8caf88c2c2f6c794922b256215857b.jpg
253	Brandon Flowers	https://www.last.fm/music/Brandon+Flowers	https://lastfm-img2.akamaized.net/i/u/300x300/ee23a13c40d895b53c28c673bde5b2eb.png
1144	Breaking Benjamin	https://www.last.fm/music/Breaking+Benjamin	https://lastfm-img2.akamaized.net/i/u/300x300/3c33b2f17cfc6f2723b9e6d8aa810a43.jpg
1	Brendan Bowyer	https://www.last.fm/music/Brendan+Bowyer	https://lastfm-img2.akamaized.net/i/u/300x300/720903acd0784718a0b94b5903c706fb.jpg
7	Bruno Mars	https://www.last.fm/music/Bruno+Mars	https://lastfm-img2.akamaized.net/i/u/300x300/f1c0fc29d69b37610ffce7fb87993128.jpg
3770	Bryan Adams	https://www.last.fm/music/Bryan+Adams	https://lastfm-img2.akamaized.net/i/u/300x300/c132be94fbc437ab8ec0e74488a5c8f2.png
20	Bryan Adams, Rod Stewart & Sting	https://www.last.fm/music/Bryan+Adams,+Rod+Stewart+&+Sting	https://lastfm-img2.akamaized.net/i/u/300x300/e0d17bc7baf549dfac4179c8eaad6596.png
7	Buck-O-Nine	https://www.last.fm/music/Buck-O-Nine	https://lastfm-img2.akamaized.net/i/u/300x300/6befb6e522764f43b4f404900c6d5b6a.jpg
2	Buddy Holly	https://www.last.fm/music/Buddy+Holly	https://lastfm-img2.akamaized.net/i/u/300x300/1a8b5daf01dd4ff6b49d5294c39aaf8c.jpg
1	Calum Scott	https://www.last.fm/music/Calum+Scott	https://lastfm-img2.akamaized.net/i/u/300x300/7fea3ac9ff89c51612d282767c9269a3.jpg
10	Carter Burwell	https://www.last.fm/music/Carter+Burwell	https://lastfm-img2.akamaized.net/i/u/300x300/4880219ddde44b68cbc511ded345d538.png
2	Cathie Ryan	https://www.last.fm/music/Cathie+Ryan	https://lastfm-img2.akamaized.net/i/u/300x300/0cb41855dbbe4fe79275a531171ebb28.jpg
3	Ceann	https://www.last.fm/music/Ceann	https://lastfm-img2.akamaized.net/i/u/300x300/324c4afbb4a641b89b66d26fb865af31.jpg
4	CeeLo Green	https://www.last.fm/music/CeeLo+Green	https://lastfm-img2.akamaized.net/i/u/300x300/e03135428142c41d2c028f1ac0879107.png
1	Ceilidh	https://www.last.fm/music/Ceilidh	https://lastfm-img2.akamaized.net/i/u/300x300/169c8ed5553e27d1fe89a52a29489971.jpg
1	Celkilt	https://www.last.fm/music/Celkilt	https://lastfm-img2.akamaized.net/i/u/300x300/b27b3d7eb556449281f8db4c72364887.jpg
2	Celtic Seamus	https://www.last.fm/music/Celtic+Seamus	
2	Celtic Thunder	https://www.last.fm/music/Celtic+Thunder	https://lastfm-img2.akamaized.net/i/u/300x300/825eb8491e2a419fbe7cc609999db7e0.png
1	Celtic Woman	https://www.last.fm/music/Celtic+Woman	https://lastfm-img2.akamaized.net/i/u/300x300/aef17bbda04e4179c11852dfb5280bee.png
26	Cher	https://www.last.fm/music/Cher	https://lastfm-img2.akamaized.net/i/u/300x300/879a88760860cc472d826ca4e7fc5ad6.jpg
1	Chris Cornell	https://www.last.fm/music/Chris+Cornell	https://lastfm-img2.akamaized.net/i/u/300x300/be5f059b1793105a42a48b9c64755461.png
2	Chris Rea	https://www.last.fm/music/Chris+Rea	https://lastfm-img2.akamaized.net/i/u/300x300/f88b8da19785e54b99fbdd3b35843d6c.jpg
1	Chris de Burgh	https://www.last.fm/music/Chris+de+Burgh	https://lastfm-img2.akamaized.net/i/u/300x300/e28c29ec50a049beb087f4b9ff0383c9.jpg
5	Christina Perri	https://www.last.fm/music/Christina+Perri	https://lastfm-img2.akamaized.net/i/u/300x300/57c81a81ffac4eb4969b3f0b3e83b109.png
3	Christina Perri feat. Steve Kazee	https://www.last.fm/music/Christina+Perri+feat.+Steve+Kazee	https://lastfm-img2.akamaized.net/i/u/300x300/77a921c445a94e3c928906d3e2f908b3.png
4	Cider Sky	https://www.last.fm/music/Cider+Sky	https://lastfm-img2.akamaized.net/i/u/300x300/70125d1993784f96a0af0cc25c51c884.jpg
3	Cinderella	https://www.last.fm/music/Cinderella	https://lastfm-img2.akamaized.net/i/u/300x300/05637c91dd974c77a9e75c0ae9af5e35.jpg
1201	Coldplay	https://www.last.fm/music/Coldplay	https://lastfm-img2.akamaized.net/i/u/300x300/3aa0fd17bc58e2a125f8008520415053.png
4	Colin Firth	https://www.last.fm/music/Colin+Firth	https://lastfm-img2.akamaized.net/i/u/300x300/4122a59376ea48da80dd130411848c69.jpg
9	Collective Soul	https://www.last.fm/music/Collective+Soul	https://lastfm-img2.akamaized.net/i/u/300x300/7d4dca41b0c746d387abed7287bdc443.jpg
7	Craic	https://www.last.fm/music/Craic	https://lastfm-img2.akamaized.net/i/u/300x300/4966bd3fd1c22e0e6b86b6decd6cec08.jpg
2	Creed	https://www.last.fm/music/Creed	https://lastfm-img2.akamaized.net/i/u/300x300/710b0785ca2f458695e9531ea729333a.jpg
5	Creedence Clearwater Revival	https://www.last.fm/music/Creedence+Clearwater+Revival	https://lastfm-img2.akamaized.net/i/u/300x300/da56d9a26e7e4c418b89fdaa0bf5ea0c.jpg
3	Cutthroat Shamrock	https://www.last.fm/music/Cutthroat+Shamrock	https://lastfm-img2.akamaized.net/i/u/300x300/901d94fd02f1445fa3962c16a1ff8575.jpg
9	Cutting Crew	https://www.last.fm/music/Cutting+Crew	https://lastfm-img2.akamaized.net/i/u/300x300/e1a86efe4ac741fec19f589cef35d247.jpg
1	Dale Hawkins	https://www.last.fm/music/Dale+Hawkins	https://lastfm-img2.akamaized.net/i/u/300x300/aee215259f29402bb3f7046092dab4e0.jpg
2	Dalmatino	https://www.last.fm/music/Dalmatino	https://lastfm-img2.akamaized.net/i/u/300x300/367b2660de8e446dbf4317c4eec3cfb9.jpg
2	Damien Rice	https://www.last.fm/music/Damien+Rice	https://lastfm-img2.akamaized.net/i/u/300x300/13b35ac128ef4a239fbf769f103e2b02.jpg
1	Damn Yankees	https://www.last.fm/music/Damn+Yankees	https://lastfm-img2.akamaized.net/i/u/300x300/bcc4743de42f40cda3ad9131c02a665c.jpg
1	Danger Danger	https://www.last.fm/music/Danger+Danger	https://lastfm-img2.akamaized.net/i/u/300x300/b9c9da84e14c4f1482876783503b49c9.jpg
176	Dario Marianelli	https://www.last.fm/music/Dario+Marianelli	https://lastfm-img2.akamaized.net/i/u/300x300/ce7cfd0ae44d4b87cba725ae016742d8.jpg
1	Daughtry	https://www.last.fm/music/Daughtry	https://lastfm-img2.akamaized.net/i/u/300x300/7c3a905663525cffbb59fd39b3951b09.png
3	David Arkenstone	https://www.last.fm/music/David+Arkenstone	https://lastfm-img2.akamaized.net/i/u/300x300/392f88a107d04eca9783be3193e2509e.jpg
7	David Arnold	https://www.last.fm/music/David+Arnold	https://lastfm-img2.akamaized.net/i/u/300x300/35a194d5432c5400984dd7faa3ba707d.jpg
1	David Essex	https://www.last.fm/music/David+Essex	https://lastfm-img2.akamaized.net/i/u/300x300/83a1a49db3e443448201a81ac0392c8c.png
1	David Gray	https://www.last.fm/music/David+Gray	https://lastfm-img2.akamaized.net/i/u/300x300/fdfb7a6d33c14628a7b07df9f5a549f8.jpg
1	David Lee Roth	https://www.last.fm/music/David+Lee+Roth	https://lastfm-img2.akamaized.net/i/u/300x300/1314b51da8e14e40a84ca4cdc7548c25.jpg
173	Death Cab for Cutie	https://www.last.fm/music/Death+Cab+for+Cutie	https://lastfm-img2.akamaized.net/i/u/300x300/4d12114a759947fca636952e2fed985a.png
4	Debt Neglector	https://www.last.fm/music/Debt+Neglector	https://lastfm-img2.akamaized.net/i/u/300x300/ad09ddb95892e065fb51cac0cb9e0fb0.jpg
1	Deep Purple	https://www.last.fm/music/Deep+Purple	https://lastfm-img2.akamaized.net/i/u/300x300/a0dc0410107a4df586c34d34191fabdb.png
3	Derek Warfield	https://www.last.fm/music/Derek+Warfield	https://lastfm-img2.akamaized.net/i/u/300x300/5214ff3959eb42a29e531a08f5af2d74.jpg
1	Derek and the Dominos	https://www.last.fm/music/Derek+and+the+Dominos	https://lastfm-img2.akamaized.net/i/u/300x300/028f68c9b7f04d8b8e464c8dd7fb58fa.jpg
1	Dervish	https://www.last.fm/music/Dervish	https://lastfm-img2.akamaized.net/i/u/300x300/d7356fadf9c74d0f9711687c552506e2.png
1	Dire Straits	https://www.last.fm/music/Dire+Straits	https://lastfm-img2.akamaized.net/i/u/300x300/34088dd08c7e413c9391cf74e845a3ce.jpg
19	Disturbed	https://www.last.fm/music/Disturbed	https://lastfm-img2.akamaized.net/i/u/300x300/b739d95433184d03bf6f9ed8cbef9a41.jpg
1	Dokken	https://www.last.fm/music/Dokken	https://lastfm-img2.akamaized.net/i/u/300x300/955c15f465d64ccb80881ea3436cbf9c.jpg
43	Dominik Scherrer	https://www.last.fm/music/Dominik+Scherrer	https://lastfm-img2.akamaized.net/i/u/300x300/1d168b26718a67036ed60b4a8a129b51.png
42	Don McLean	https://www.last.fm/music/Don+McLean	https://lastfm-img2.akamaized.net/i/u/300x300/0766145f300748019d764c13f641ec38.jpg
1	Donal Lunny	https://www.last.fm/music/Donal+Lunny	https://lastfm-img2.akamaized.net/i/u/300x300/e25c4a2a910747e6bc120e5e74d3b36b.jpg
4762	Dropkick Murphys	https://www.last.fm/music/Dropkick+Murphys	https://lastfm-img2.akamaized.net/i/u/300x300/6af8ab6ee19a4df7b3993596e7112762.jpg
4	Dublin City Ramblers	https://www.last.fm/music/Dublin+City+Ramblers	https://lastfm-img2.akamaized.net/i/u/300x300/c90e84c258ad44a19d8da1bc3129088f.jpg
13	Eagles	https://www.last.fm/music/Eagles	https://lastfm-img2.akamaized.net/i/u/300x300/646cd9402e5e40d8a10d6e1fd094b689.jpg
5	Eastern Conference Champions	https://www.last.fm/music/Eastern+Conference+Champions	https://lastfm-img2.akamaized.net/i/u/300x300/7cc0f5ee1c7142c09f586792c44bb991.jpg
15	Echosmith	https://www.last.fm/music/Echosmith	https://lastfm-img2.akamaized.net/i/u/300x300/c9335e8673228a020054e8baf181e0d1.png
168	Ed Sheeran	https://www.last.fm/music/Ed+Sheeran	https://lastfm-img2.akamaized.net/i/u/300x300/920ee108614f8c3842d4aa67ace8329d.png
1	Eddie Cochran	https://www.last.fm/music/Eddie+Cochran	https://lastfm-img2.akamaized.net/i/u/300x300/06214e09bfaf4b8fb4638159f42072bf.jpg
1	Eddie Money	https://www.last.fm/music/Eddie+Money	https://lastfm-img2.akamaized.net/i/u/300x300/e7e6964fc37543968068b282cac06a35.jpg
1475	Editors	https://www.last.fm/music/Editors	https://lastfm-img2.akamaized.net/i/u/300x300/264ab45918ad6559294cf647e3686127.png
1	Electric Light Orchestra	https://www.last.fm/music/Electric+Light+Orchestra	https://lastfm-img2.akamaized.net/i/u/300x300/1a3adf2f20b642c3bc50b10048b980a6.jpg
260	Elton John	https://www.last.fm/music/Elton+John	https://lastfm-img2.akamaized.net/i/u/300x300/25d2bbd7b28d405e83a9276ade33f9a6.png
2	Elvis Costello	https://www.last.fm/music/Elvis+Costello	https://lastfm-img2.akamaized.net/i/u/300x300/2d8fad32cef84ad483826e93d5764b7f.jpg
38	Elvis Presley	https://www.last.fm/music/Elvis+Presley	https://lastfm-img2.akamaized.net/i/u/300x300/8ff545a7fffb40c3a07f132323669366.png
1	Enter The Haggis	https://www.last.fm/music/Enter+The+Haggis	https://lastfm-img2.akamaized.net/i/u/300x300/f9ef8486b26f4696a62a353f06c96ca5.jpg
2	Erik Jonasson	https://www.last.fm/music/Erik+Jonasson	https://lastfm-img2.akamaized.net/i/u/300x300/4f3f7fd2f8d06195f003a08c8490fd67.jpg
1879	Eros Ramazzotti	https://www.last.fm/music/Eros+Ramazzotti	https://lastfm-img2.akamaized.net/i/u/300x300/1a1db947e0d81d4bb10fc1e4b585d046.png
3	Eskimo Joe	https://www.last.fm/music/Eskimo+Joe	https://lastfm-img2.akamaized.net/i/u/300x300/29885f7c27bd453d9f89dfe617d4df59.jpg
3	Europe	https://www.last.fm/music/Europe	https://lastfm-img2.akamaized.net/i/u/300x300/75d31799ecd129bbecaf8dd3d54a5be4.jpg
2	Evanescence	https://www.last.fm/music/Evanescence	https://lastfm-img2.akamaized.net/i/u/300x300/b305e0b62bc58b6a89b21f4b6d46d62b.png
4	Extreme	https://www.last.fm/music/Extreme	https://lastfm-img2.akamaized.net/i/u/300x300/c046acba18a744819158e2c0c60e3746.jpg
1	Fall Out Boy	https://www.last.fm/music/Fall+Out+Boy	https://lastfm-img2.akamaized.net/i/u/300x300/0f18046a735f4dc8ae6a56e9c9416fa1.jpg
6	Fanfarlo	https://www.last.fm/music/Fanfarlo	https://lastfm-img2.akamaized.net/i/u/300x300/57a59b7e0c79410a8519844092c2c300.png
1	Feuerschwanz	https://www.last.fm/music/Feuerschwanz	https://lastfm-img2.akamaized.net/i/u/300x300/a6c22724e01842b1b4400371f426bfe1.jpg
9714	Fiddler's Green	https://www.last.fm/music/Fiddler%27s+Green	https://lastfm-img2.akamaized.net/i/u/300x300/cab4634a78184f5b82b68022d3227a60.jpg
1	Firehouse	https://www.last.fm/music/Firehouse	https://lastfm-img2.akamaized.net/i/u/300x300/c19cdc4c46804b5caea1b40d0b208d39.jpg
6	Firkin	https://www.last.fm/music/Firkin	https://lastfm-img2.akamaized.net/i/u/300x300/43569fe081604da791caf7d285806022.jpg
1	First Aid Kit	https://www.last.fm/music/First+Aid+Kit	https://lastfm-img2.akamaized.net/i/u/300x300/6367be33a654f4af2c7f2ab7f66ef3a0.jpg
50	Flatfoot 56	https://www.last.fm/music/Flatfoot+56	https://lastfm-img2.akamaized.net/i/u/300x300/3b53c4de4bf04520bf57f17574f36d96.jpg
3	Fleetwood Mac	https://www.last.fm/music/Fleetwood+Mac	https://lastfm-img2.akamaized.net/i/u/300x300/47fd66d1951dd502ac7ecbf7c7f23d5c.jpg
894	Flogging Molly	https://www.last.fm/music/Flogging+Molly	https://lastfm-img2.akamaized.net/i/u/300x300/514d29c6320843f0a86271adc40eaea6.jpg
7	Florence + the Machine	https://www.last.fm/music/Florence+%252B+the+Machine	https://lastfm-img2.akamaized.net/i/u/300x300/e79b23131749eab7d7057808c6f3e53a.jpg
3	Foo Fighters	https://www.last.fm/music/Foo+Fighters	https://lastfm-img2.akamaized.net/i/u/300x300/bebb2243b99f474e8bc458c5411f7806.jpg
1	Foreigner	https://www.last.fm/music/Foreigner	https://lastfm-img2.akamaized.net/i/u/300x300/1a1e48d0bc014976a671d0b492d209fa.jpg
1	Frankie Vaughan	https://www.last.fm/music/Frankie+Vaughan	https://lastfm-img2.akamaized.net/i/u/300x300/1b7e997f1b58de5ac8ade46c9b068b1d.jpg
1	Franz Ferdinand	https://www.last.fm/music/Franz+Ferdinand	https://lastfm-img2.akamaized.net/i/u/300x300/1a2a825e5b3c22322a6bf809657a94de.jpg
1	Fuel	https://www.last.fm/music/Fuel	https://lastfm-img2.akamaized.net/i/u/300x300/a2ea2e61c6cb4a07caa092599687beb4.jpg
43	Funeral for a Friend	https://www.last.fm/music/Funeral+for+a+Friend	https://lastfm-img2.akamaized.net/i/u/300x300/a518ebbb05dd43888579b943c588690b.jpg
1	Gaelic Storm	https://www.last.fm/music/Gaelic+Storm	https://lastfm-img2.akamaized.net/i/u/300x300/3fb9d1b5afe747e3a57a9bac18f0ed72.jpg
1	Gavin James	https://www.last.fm/music/Gavin+James	https://lastfm-img2.akamaized.net/i/u/300x300/e0f28a4ea45d98107a655d2465a20d3e.jpg
4	George Michael	https://www.last.fm/music/George+Michael	https://lastfm-img2.akamaized.net/i/u/300x300/66e1de166e6c4a598daf8131a0ae2af0.jpg
2	Giuffria	https://www.last.fm/music/Giuffria	https://lastfm-img2.akamaized.net/i/u/300x300/0b062cd093d64ca19f8d2bbd46196434.jpg
2	Goldfinger	https://www.last.fm/music/Goldfinger	https://lastfm-img2.akamaized.net/i/u/300x300/06199349ebb74810ad85d610c2656f4f.jpg
1	Goo Goo Dolls	https://www.last.fm/music/Goo+Goo+Dolls	https://lastfm-img2.akamaized.net/i/u/300x300/4b0826e9180a46e691810df6ef6c2763.jpg
809	Good Charlotte	https://www.last.fm/music/Good+Charlotte	https://lastfm-img2.akamaized.net/i/u/300x300/95088770eaf54408a1d42487aba60819.jpg
1	Goran Karan	https://www.last.fm/music/Goran+Karan	https://lastfm-img2.akamaized.net/i/u/300x300/1fcc77f9949b41a28b25ef6c0b6975be.png
1	Gorillaz	https://www.last.fm/music/Gorillaz	https://lastfm-img2.akamaized.net/i/u/300x300/9dbe2d414492caa70d80e2c62a7ad8b9.jpg
1710	Green Day	https://www.last.fm/music/Green+Day	https://lastfm-img2.akamaized.net/i/u/300x300/9ced81e82bb458a5269267a5fed31e6e.jpg
4	Greenland Whalefishers	https://www.last.fm/music/Greenland+Whalefishers	https://lastfm-img2.akamaized.net/i/u/300x300/b6437e82835a4ce1a5be6e6998ed959a.jpg
3	Grizzly Bear	https://www.last.fm/music/Grizzly+Bear	https://lastfm-img2.akamaized.net/i/u/300x300/eab27e617ce440be873d0ccac2dea141.jpg
5	Grizzly Bear (with Victoria Legrand)	https://www.last.fm/music/Grizzly+Bear+(with+Victoria+Legrand)	https://lastfm-img2.akamaized.net/i/u/300x300/5c38ef6dd7134de38c43752ddd572af6.jpg
98	Guns N' Roses	https://www.last.fm/music/Guns+N%27+Roses	https://lastfm-img2.akamaized.net/i/u/300x300/7d102ebcf4184bb1ae2b851efcbceb30.jpg
26	Happy Ol'McWeasel	https://www.last.fm/music/Happy+Ol%27McWeasel	https://lastfm-img2.akamaized.net/i/u/300x300/54d0668753444c89b52f3003a505ea18.jpg
6	Hari Rončević	https://www.last.fm/music/Hari+Ron%C4%8Devi%C4%87	https://lastfm-img2.akamaized.net/i/u/300x300/8cbf2b63c7eb42ceba8f60ab3ec95c45.jpg
14	Harry Styles	https://www.last.fm/music/Harry+Styles	https://lastfm-img2.akamaized.net/i/u/300x300/5a0cbd49343bed40be23196a819f7fa1.png
4	Heart	https://www.last.fm/music/Heart	https://lastfm-img2.akamaized.net/i/u/300x300/8b835b58ab2a4b0a9fca3c0f42f8fe3a.jpg
1	Heidi Talbot	https://www.last.fm/music/Heidi+Talbot	https://lastfm-img2.akamaized.net/i/u/300x300/6e64b72106644b31855945ae67a1210e.jpg
2	Hoobastank	https://www.last.fm/music/Hoobastank	https://lastfm-img2.akamaized.net/i/u/300x300/94400f2197c34497991d0155223a2c97.jpg
2	Howard Shore	https://www.last.fm/music/Howard+Shore	https://lastfm-img2.akamaized.net/i/u/300x300/b3b2a7daf14a416ec1a5cb455ae62ccd.png
8	Hugh Skinner	https://www.last.fm/music/Hugh+Skinner	https://lastfm-img2.akamaized.net/i/u/300x300/52f1419186a752657b3083e60a2ac47a.jpg
7	Hurricane Bells	https://www.last.fm/music/Hurricane+Bells	https://lastfm-img2.akamaized.net/i/u/300x300/9a285479fe4842cda8aca1676274c7ec.jpg
406	Hurts	https://www.last.fm/music/Hurts	https://lastfm-img2.akamaized.net/i/u/300x300/10970eb888ae4908a6a023fe6dcda5e7.png
2	I Draw Slow	https://www.last.fm/music/I+Draw+Slow	https://lastfm-img2.akamaized.net/i/u/300x300/8d707913b91a48fc8a4eaf2544b8be96.jpg
1	Ignis Fatuu	https://www.last.fm/music/Ignis+Fatuu	https://lastfm-img2.akamaized.net/i/u/300x300/e89217d5c2c643b88374e7ef5387fad1.jpg
690	Il Volo	https://www.last.fm/music/Il+Volo	https://lastfm-img2.akamaized.net/i/u/300x300/9d7ebabdcc449efd64ac77cd1b593a8e.jpg
38	Imagine Dragons	https://www.last.fm/music/Imagine+Dragons	https://lastfm-img2.akamaized.net/i/u/300x300/1708c8c2cff9b9fbdcc4722f36ad3e73.jpg
2	Imperial Mammoth	https://www.last.fm/music/Imperial+Mammoth	https://lastfm-img2.akamaized.net/i/u/300x300/4d6aa5ca1aaa4b03cb741500df284a18.jpg
8	In Colour	https://www.last.fm/music/In+Colour	https://lastfm-img2.akamaized.net/i/u/300x300/147db193a3764fedcf1241ef2ee271ff.jpg
2	In Extremo	https://www.last.fm/music/In+Extremo	https://lastfm-img2.akamaized.net/i/u/300x300/13b766ddbf4a4074ae8f7f02b3087ac7.jpg
18	In Search Of A Rose	https://www.last.fm/music/In+Search+Of+A+Rose	https://lastfm-img2.akamaized.net/i/u/300x300/a5c20ab7ba4a47ec3ef93066d13f4ceb.jpg
2	Incubus	https://www.last.fm/music/Incubus	https://lastfm-img2.akamaized.net/i/u/300x300/60d0846d4a52463ebbab4e6aa815875d.jpg
11	Ingrid Michaelson	https://www.last.fm/music/Ingrid+Michaelson	https://lastfm-img2.akamaized.net/i/u/300x300/d038cab96668b7aa2a78999a762e0d4d.png
1	Interpol	https://www.last.fm/music/Interpol	https://lastfm-img2.akamaized.net/i/u/300x300/70f664e7cb5f483ec803858490c34d01.jpg
1	Irish Pub Music	https://www.last.fm/music/Irish+Pub+Music	
16	Iron & Wine	https://www.last.fm/music/Iron+&+Wine	https://lastfm-img2.akamaized.net/i/u/300x300/a194baa690fe44038da2f2b1372ae96a.png
30	Iron Maiden	https://www.last.fm/music/Iron+Maiden	https://lastfm-img2.akamaized.net/i/u/300x300/fefcbb25acd348cf8a7e11976f758362.jpg
4	Jackie Brenston and His Delta Cats	https://www.last.fm/music/Jackie+Brenston+and+His+Delta+Cats	https://lastfm-img2.akamaized.net/i/u/300x300/dce88ba272594c4ca18c776e1f9899cf.jpg
3	James Bay	https://www.last.fm/music/James+Bay	https://lastfm-img2.akamaized.net/i/u/300x300/2457ea60566b2b9d19d8d7d242234837.png
4	James Blunt	https://www.last.fm/music/James+Blunt	https://lastfm-img2.akamaized.net/i/u/300x300/0cec9517ea6ff85fbc441b2d701c90e4.jpg
28	James Vincent McMorrow	https://www.last.fm/music/James+Vincent+McMorrow	https://lastfm-img2.akamaized.net/i/u/300x300/d2cac65fee63b11ef0ddce2f3da3f7ca.png
1	Jamie Lawson	https://www.last.fm/music/Jamie+Lawson	https://lastfm-img2.akamaized.net/i/u/300x300/4316fa6168e5439d979c4c129b2a80a1.jpg
1	Janis Joplin	https://www.last.fm/music/Janis+Joplin	https://lastfm-img2.akamaized.net/i/u/300x300/c5c4306e596bd6581bdc2696351f583b.jpg
1	Jet	https://www.last.fm/music/Jet	https://lastfm-img2.akamaized.net/i/u/300x300/2a260f691fa24798ad23242ff569f33a.png
2	Jim Mccann	https://www.last.fm/music/Jim+Mccann	https://lastfm-img2.akamaized.net/i/u/300x300/0edb287bc78d4238c2b0f7677bc93207.jpg
1	Jimi Hendrix	https://www.last.fm/music/Jimi+Hendrix	https://lastfm-img2.akamaized.net/i/u/300x300/b8f955d115f9427487e112e372033082.jpg
2	Jimmy Eat World	https://www.last.fm/music/Jimmy+Eat+World	https://lastfm-img2.akamaized.net/i/u/300x300/51deed641dbd4386830422044b52efac.jpg
1	Jinx	https://www.last.fm/music/Jinx	https://lastfm-img2.akamaized.net/i/u/300x300/15675b27929e46f3a86a92fd0bc6a19d.jpg
1	Joan Jett and the Blackhearts	https://www.last.fm/music/Joan+Jett+and+the+Blackhearts	https://lastfm-img2.akamaized.net/i/u/300x300/42b38b28108040188b5fdd02b945e7eb.jpg
20	John Denver	https://www.last.fm/music/John+Denver	https://lastfm-img2.akamaized.net/i/u/300x300/4fdfb8c613924d7f9c133ef746971d8b.png
1	John Doyle	https://www.last.fm/music/John+Doyle	https://lastfm-img2.akamaized.net/i/u/300x300/b8b5bb0fee9448e094e1447755c343d9.jpg
52	John Lennon	https://www.last.fm/music/John+Lennon	https://lastfm-img2.akamaized.net/i/u/300x300/bf675d1e100b424dad305b2bbcecffae.jpg
12	Johnny Cash	https://www.last.fm/music/Johnny+Cash	https://lastfm-img2.akamaized.net/i/u/300x300/0636b12f504b47ada597ff31069576cb.jpg
1	Jolly Jackers	https://www.last.fm/music/Jolly+Jackers	https://lastfm-img2.akamaized.net/i/u/300x300/5964125203b6460ac6d307c5ab9c9224.jpg
727	Jon Bon Jovi	https://www.last.fm/music/Jon+Bon+Jovi	https://lastfm-img2.akamaized.net/i/u/300x300/7a08394b697945b9bfa795dfeed46921.jpg
7	Josh Dylan	https://www.last.fm/music/Josh+Dylan	https://lastfm-img2.akamaized.net/i/u/300x300/1309c9bcd4ad910df2d248bc460ef20e.jpg
1	Josh Groban	https://www.last.fm/music/Josh+Groban	https://lastfm-img2.akamaized.net/i/u/300x300/fc7b2febf9c5404dade5db567f19e3bb.jpg
3	Journey	https://www.last.fm/music/Journey	https://lastfm-img2.akamaized.net/i/u/300x300/8053411908694494948a4de369dea133.jpg
1	Joy Division	https://www.last.fm/music/Joy+Division	https://lastfm-img2.akamaized.net/i/u/300x300/4ad5ce1d8b5b47368d8873ae1e6e2f42.jpg
495	Kaiser Chiefs	https://www.last.fm/music/Kaiser+Chiefs	https://lastfm-img2.akamaized.net/i/u/300x300/bc59ad764c2745acc5793f3f52a5160f.png
1	Kansas	https://www.last.fm/music/Kansas	https://lastfm-img2.akamaized.net/i/u/300x300/ba357970b9ef42adbc2f5f4af2417ee5.png
1	Karan Casey  John Doyle	https://www.last.fm/music/Karan+Casey++John+Doyle	
154	Kasabian	https://www.last.fm/music/Kasabian	https://lastfm-img2.akamaized.net/i/u/300x300/475232ca49184977a3d969c26971c375.jpg
14	Kate Walsh	https://www.last.fm/music/Kate+Walsh	https://lastfm-img2.akamaized.net/i/u/300x300/3b3ae05667bc470bb3bb5675e0069c6d.png
1	Katie Melua	https://www.last.fm/music/Katie+Melua	https://lastfm-img2.akamaized.net/i/u/300x300/23afb46221ad32998f92728ab45091eb.png
654	Keane	https://www.last.fm/music/Keane	https://lastfm-img2.akamaized.net/i/u/300x300/7deb6a392fb73d09592fd15cbf635084.jpg
562	Kilmaine Saints	https://www.last.fm/music/Kilmaine+Saints	https://lastfm-img2.akamaized.net/i/u/300x300/c9490be802a345f7bb75397796fbb4cf.jpg
582	Kings of Leon	https://www.last.fm/music/Kings+of+Leon	https://lastfm-img2.akamaized.net/i/u/300x300/bc4c7bbd2da2ea9362136c0e6c688598.png
1	Kirsty MacColl	https://www.last.fm/music/Kirsty+MacColl	https://lastfm-img2.akamaized.net/i/u/300x300/c7b637cc7bf34b5d8b53318485ebb21b.jpg
2	Kiss	https://www.last.fm/music/Kiss	https://lastfm-img2.akamaized.net/i/u/300x300/40aa42e488c942269a3e3633b7cd401f.jpg
1	Klaxons	https://www.last.fm/music/Klaxons	https://lastfm-img2.akamaized.net/i/u/300x300/e496e22551374cf2803f5d374b3c4971.jpg
2	L.A. Guns	https://www.last.fm/music/L.A.+Guns	https://lastfm-img2.akamaized.net/i/u/300x300/c74018d90ca246d299535895acb7928a.jpg
1	Lana Del Rey	https://www.last.fm/music/Lana+Del+Rey	https://lastfm-img2.akamaized.net/i/u/300x300/77707d5383733e0631a40a0cd1b04ac1.jpg
1	Lassie n The Lads	https://www.last.fm/music/Lassie+n+The+Lads	https://lastfm-img2.akamaized.net/i/u/300x300/6466f4af9c6143eec304a9f224a815bc.jpg
3	Led Zeppelin	https://www.last.fm/music/Led+Zeppelin	https://lastfm-img2.akamaized.net/i/u/300x300/9d81fbb039c94154a2e9564eaccd45c2.png
4	Levellers	https://www.last.fm/music/Levellers	https://lastfm-img2.akamaized.net/i/u/300x300/429bec870c664e4c99b0b5ae3eebd271.jpg
1	Lifehouse	https://www.last.fm/music/Lifehouse	https://lastfm-img2.akamaized.net/i/u/300x300/8cdd3891a5eb4c7194c56a0246d2d770.jpg
1	Light Years	https://www.last.fm/music/Light+Years	https://lastfm-img2.akamaized.net/i/u/300x300/15416f851fc34668a996f8f88d9066f8.jpg
19	Lily James	https://www.last.fm/music/Lily+James	https://lastfm-img2.akamaized.net/i/u/300x300/e06adee42ff9440bc410bdad297b40fc.jpg
1	Limp Bizkit	https://www.last.fm/music/Limp+Bizkit	https://lastfm-img2.akamaized.net/i/u/300x300/1f7a4d1adafa4b18b5a0ac2877b7e1e1.jpg
1207	Linkin Park	https://www.last.fm/music/Linkin+Park	https://lastfm-img2.akamaized.net/i/u/300x300/2e1839499e46a68b93d78bd6e1d98024.jpg
1	Lonely The Brave	https://www.last.fm/music/Lonely+The+Brave	https://lastfm-img2.akamaized.net/i/u/300x300/eb567568ccc846f5c666dc8a58bec298.png
3	Lord Huron	https://www.last.fm/music/Lord+Huron	https://lastfm-img2.akamaized.net/i/u/300x300/85d2569047724e81bd1f3a55c672048e.jpg
4	Lulu	https://www.last.fm/music/Lulu	https://lastfm-img2.akamaized.net/i/u/300x300/0881990d9de44d0ca7fc17e8f0df4c81.jpg
8	Lykke Li	https://www.last.fm/music/Lykke+Li	https://lastfm-img2.akamaized.net/i/u/300x300/ef75a35f704a718e84bda158a77bb512.png
3	Lynyrd Skynyrd	https://www.last.fm/music/Lynyrd+Skynyrd	https://lastfm-img2.akamaized.net/i/u/300x300/267a0b195d507acca009a8bd276cbec8.jpg
1	MGMT	https://www.last.fm/music/MGMT	https://lastfm-img2.akamaized.net/i/u/300x300/30dd538e7ab64eb0aedb807931bf3250.jpg
2	Meat Loaf	https://www.last.fm/music/Meat+Loaf	https://lastfm-img2.akamaized.net/i/u/300x300/9db4e90ad9e5400fc0f898e5dd7f596c.jpg
3	Meisce	https://www.last.fm/music/Meisce	https://lastfm-img2.akamaized.net/i/u/300x300/3f0a3789c80649eb8d714b03f1ff533f.jpg
1	Meryl Streep	https://www.last.fm/music/Meryl+Streep	https://lastfm-img2.akamaized.net/i/u/300x300/598448d1801d41a7a737239e9e33613c.jpg
2	Metallica	https://www.last.fm/music/Metallica	https://lastfm-img2.akamaized.net/i/u/300x300/22fffa33531b4684a4eb269d357758ae.jpg
4	Metric	https://www.last.fm/music/Metric	https://lastfm-img2.akamaized.net/i/u/300x300/7846ad5c1524ff0d0d790e17d303bd35.png
3	Michael Price	https://www.last.fm/music/Michael+Price	https://lastfm-img2.akamaized.net/i/u/300x300/6602842859c440429621a089a7c57145.jpg
1	Mickey Rickshaw	https://www.last.fm/music/Mickey+Rickshaw	https://lastfm-img2.akamaized.net/i/u/300x300/ac32b8155483ed50307f21a922b32e61.jpg
1	Mike Denver	https://www.last.fm/music/Mike+Denver	https://lastfm-img2.akamaized.net/i/u/300x300/6dc31040b0b349e0c9db86acdafd98e9.jpg
303	Millencolin	https://www.last.fm/music/Millencolin	https://lastfm-img2.akamaized.net/i/u/300x300/0b2cb58cde594bc790e3553fd7d152d8.png
1	Motörhead	https://www.last.fm/music/Mot%C3%B6rhead	https://lastfm-img2.akamaized.net/i/u/300x300/c7835ff4925044478c83119c0d540a48.jpg
1	Mr. Big	https://www.last.fm/music/Mr.+Big	https://lastfm-img2.akamaized.net/i/u/300x300/7d396a72577f451caa34cf4e4a0c8ba8.jpg
210	Mr. Irish Bastard	https://www.last.fm/music/Mr.+Irish+Bastard	https://lastfm-img2.akamaized.net/i/u/300x300/172c917dc1404391a78b4fa2a4650f54.jpg
2	Mudmen	https://www.last.fm/music/Mudmen	https://lastfm-img2.akamaized.net/i/u/300x300/9ecb553b68ce45d3be2898882d183a55.jpg
360	Mumford & Sons	https://www.last.fm/music/Mumford+&+Sons	https://lastfm-img2.akamaized.net/i/u/300x300/e125f7a6fe204e18ce018d5f714877ad.png
10	Mundy	https://www.last.fm/music/Mundy	https://lastfm-img2.akamaized.net/i/u/300x300/61014f1e210b4b4eb485bd347f715245.jpg
15	Murray Gold	https://www.last.fm/music/Murray+Gold	https://lastfm-img2.akamaized.net/i/u/300x300/96e3264f41e94a74bcde2393d9861360.png
710	Muse	https://www.last.fm/music/Muse	https://lastfm-img2.akamaized.net/i/u/300x300/aa8f114a226084388391008cd40d86c3.png
3	Mutemath	https://www.last.fm/music/Mutemath	https://lastfm-img2.akamaized.net/i/u/300x300/7c9238cb099d4af5a0ca2b9812e4b28b.jpg
1	My Chemical Romance	https://www.last.fm/music/My+Chemical+Romance	https://lastfm-img2.akamaized.net/i/u/300x300/7674dc8b0f3e471c85f38c28e97bc14f.jpg
1	Mötley Crüe	https://www.last.fm/music/M%C3%B6tley+Cr%C3%BCe	https://lastfm-img2.akamaized.net/i/u/300x300/d69044e520098e27d297a3dc13475e61.jpg
2	NOFX	https://www.last.fm/music/NOFX	https://lastfm-img2.akamaized.net/i/u/300x300/1bea411bb259428e8b847c57f6bcfdb7.jpg
205	Nate Ruess	https://www.last.fm/music/Nate+Ruess	https://lastfm-img2.akamaized.net/i/u/300x300/56d653d877dd2f299372a324b4040fad.png
1	Neil Young	https://www.last.fm/music/Neil+Young	https://lastfm-img2.akamaized.net/i/u/300x300/c5da8a50dfae458fa4ca6583d0c4be0b.png
1	New Era	https://www.last.fm/music/New+Era	https://lastfm-img2.akamaized.net/i/u/300x300/779055398a414a9f92b78ba6d040d714.jpg
2	Nick Cave & The Bad Seeds	https://www.last.fm/music/Nick+Cave+&+The+Bad+Seeds	https://lastfm-img2.akamaized.net/i/u/300x300/80f6c1db1dcc89d0933f26b307297199.png
89	Nickelback	https://www.last.fm/music/Nickelback	https://lastfm-img2.akamaized.net/i/u/300x300/5ac2b2931d2b5ec23817a5c0ce423d42.jpg
2	Night Ranger	https://www.last.fm/music/Night+Ranger	https://lastfm-img2.akamaized.net/i/u/300x300/ec4067daa7d74170b7d261b0bfcbba2a.jpg
1	Nirvana	https://www.last.fm/music/Nirvana	https://lastfm-img2.akamaized.net/i/u/300x300/151972b1b5bb82380184f1104fb74d9f.jpg
1	Noel Gallagher	https://www.last.fm/music/Noel+Gallagher	https://lastfm-img2.akamaized.net/i/u/300x300/ac501333889c4ac282feb95882335654.jpg
2	North Alone	https://www.last.fm/music/North+Alone	https://lastfm-img2.akamaized.net/i/u/300x300/46c0f4fd6aac031698aebae87f225e8c.jpg
7	OK Go	https://www.last.fm/music/OK+Go	https://lastfm-img2.akamaized.net/i/u/300x300/6aded0ec046a4f31b58b8890d5241ca4.jpg
4	Oasis	https://www.last.fm/music/Oasis	https://lastfm-img2.akamaized.net/i/u/300x300/03e96ff77afd404ec07284d47046ab63.png
1	Of Monsters and Men	https://www.last.fm/music/Of+Monsters+and+Men	https://lastfm-img2.akamaized.net/i/u/300x300/ebad3734c46b4c0683adb303a18722fd.png
1	Old Sea Brigade	https://www.last.fm/music/Old+Sea+Brigade	https://lastfm-img2.akamaized.net/i/u/300x300/f909aa53a3272a5f80fc3014c44ad576.png
43	One Night Only	https://www.last.fm/music/One+Night+Only	https://lastfm-img2.akamaized.net/i/u/300x300/1bc299d25ab546e3a874be5dabaaa88e.jpg
1	Ozzy Osbourne	https://www.last.fm/music/Ozzy+Osbourne	https://lastfm-img2.akamaized.net/i/u/300x300/f4025a3234474df1cd910885fdb1d668.png
2	P!nk	https://www.last.fm/music/P!nk	https://lastfm-img2.akamaized.net/i/u/300x300/0ca75da461735ccd56529e931a3b9efc.jpg
2	Paddy Reilly	https://www.last.fm/music/Paddy+Reilly	https://lastfm-img2.akamaized.net/i/u/300x300/3ea0ae24dafe2258ac04789c07d30655.jpg
24	Paddy and the Rats	https://www.last.fm/music/Paddy+and+the+Rats	https://lastfm-img2.akamaized.net/i/u/300x300/6f4aad822ebb460fa3b1ac3136a35874.jpg
1	Panic! at the Disco	https://www.last.fm/music/Panic!+at+the+Disco	https://lastfm-img2.akamaized.net/i/u/300x300/6b37bc85a37eae8588184d292c75549f.png
2	Papa Roach	https://www.last.fm/music/Papa+Roach	https://lastfm-img2.akamaized.net/i/u/300x300/49bbbce4d6a7460ac6f8aac31d594b41.png
12	Paramore	https://www.last.fm/music/Paramore	https://lastfm-img2.akamaized.net/i/u/300x300/fcb8f000e6b59ea3405c58ddd5ce3c6f.jpg
2509	Passenger	https://www.last.fm/music/Passenger	https://lastfm-img2.akamaized.net/i/u/300x300/ba7beedc8283b04f9ed10e1eb41ab3e2.jpg
2	Pat Benatar	https://www.last.fm/music/Pat+Benatar	https://lastfm-img2.akamaized.net/i/u/300x300/cccea72f75b141ae81202fc2d1488bee.png
1	Patty Gurdy	https://www.last.fm/music/Patty+Gurdy	https://lastfm-img2.akamaized.net/i/u/300x300/652cf307e0991b0d92a92f1d784072a7.jpg
2	Paul Brady	https://www.last.fm/music/Paul+Brady	https://lastfm-img2.akamaized.net/i/u/300x300/4e7cfc12121c4a2a9930fb4be37fbedf.jpg
3	Paul McCartney	https://www.last.fm/music/Paul+McCartney	https://lastfm-img2.akamaized.net/i/u/300x300/a2e1d7acdaef4dcbadbe7497af740288.png
2	Paul McDonald & Nikki Reed	https://www.last.fm/music/Paul+McDonald+&+Nikki+Reed	https://lastfm-img2.akamaized.net/i/u/300x300/5196c69f5bb240a7871f77500dd99597.png
4	Pennywise	https://www.last.fm/music/Pennywise	https://lastfm-img2.akamaized.net/i/u/300x300/df381d943c7a4c55b073553bab71ffd2.jpg
4	Pentatonix	https://www.last.fm/music/Pentatonix	https://lastfm-img2.akamaized.net/i/u/300x300/5b5ebe04753cbdaa897d4a1406d02da7.png
1	Pete Yorn	https://www.last.fm/music/Pete+Yorn	https://lastfm-img2.akamaized.net/i/u/300x300/66d2a60404b74e0a16b5d8636905ac88.png
1	Pezz	https://www.last.fm/music/Pezz	https://lastfm-img2.akamaized.net/i/u/300x300/66db97a5d6f0492e9277ebd957f8f508.jpg
1	Philip Bailey	https://www.last.fm/music/Philip+Bailey	https://lastfm-img2.akamaized.net/i/u/300x300/6c7c82a0df8c478bc7d4ecac0c42e595.png
1	Phoenix	https://www.last.fm/music/Phoenix	https://lastfm-img2.akamaized.net/i/u/300x300/13bf954d544f4024942ceab21ff996f0.jpg
308	Pink Floyd	https://www.last.fm/music/Pink+Floyd	https://lastfm-img2.akamaized.net/i/u/300x300/b31b66687dfb2622cc1cd926fff736d1.png
8	Pipes and Pints	https://www.last.fm/music/Pipes+and+Pints	https://lastfm-img2.akamaized.net/i/u/300x300/c3c3162343e0427c8935638ff9be010e.jpg
1	Placebo	https://www.last.fm/music/Placebo	https://lastfm-img2.akamaized.net/i/u/300x300/a6955d72d30143859954cbab9c32c3f5.jpg
1	Planxty	https://www.last.fm/music/Planxty	https://lastfm-img2.akamaized.net/i/u/300x300/3d0bdf87a9614380b06618e4a4e5482d.jpg
3	Poison	https://www.last.fm/music/Poison	https://lastfm-img2.akamaized.net/i/u/300x300/8be620aff0a340ffa7c73015e850b144.jpg
1	Preview	https://www.last.fm/music/Preview	https://lastfm-img2.akamaized.net/i/u/300x300/86dccb23ddcd457f9ec709b16398d40d.jpg
1	Puddle of Mudd	https://www.last.fm/music/Puddle+of+Mudd	https://lastfm-img2.akamaized.net/i/u/300x300/1c7f5f065f6f41e4a144c609d5915a54.jpg
7	Queen	https://www.last.fm/music/Queen	https://lastfm-img2.akamaized.net/i/u/300x300/39be92dbb8013de8cd1dafc3430ff3d8.png
2	Queens of the Stone Age	https://www.last.fm/music/Queens+of+the+Stone+Age	https://lastfm-img2.akamaized.net/i/u/300x300/e12805da20c17a2fa1c4fdb2cb6f22d9.jpg
2	Queensrÿche	https://www.last.fm/music/Queensr%C3%BFche	https://lastfm-img2.akamaized.net/i/u/300x300/71723ca9e910417f95626730bc9e2822.jpg
8	R.E.M.	https://www.last.fm/music/R.E.M.	https://lastfm-img2.akamaized.net/i/u/300x300/82c091797b824733adc76e2c61623bc0.jpg
14	Radiohead	https://www.last.fm/music/Radiohead	https://lastfm-img2.akamaized.net/i/u/300x300/962a45f675db8ce893dad3ee8f62d22f.jpg
7	Ralph McTell	https://www.last.fm/music/Ralph+McTell	https://lastfm-img2.akamaized.net/i/u/300x300/49a93131ccc3406c8790fc101303dc17.jpg
1	Rammstein	https://www.last.fm/music/Rammstein	https://lastfm-img2.akamaized.net/i/u/300x300/c50e1d33bb6443bba516f07477362c97.jpg
1	Ramones	https://www.last.fm/music/Ramones	https://lastfm-img2.akamaized.net/i/u/300x300/4a22c5c1d678480f95514937e85ac3bb.jpg
1	Rancid	https://www.last.fm/music/Rancid	https://lastfm-img2.akamaized.net/i/u/300x300/7358c216aab346db82a2f098589795bb.jpg
5	Red Hot Chili Peppers	https://www.last.fm/music/Red+Hot+Chili+Peppers	https://lastfm-img2.akamaized.net/i/u/300x300/df8ead32bf4a4d87bc2f9afbbef7d40c.jpg
23	Richie Sambora	https://www.last.fm/music/Richie+Sambora	https://lastfm-img2.akamaized.net/i/u/300x300/55ba332eeca34077b3d3d4f2e2924184.jpg
1643	Rise Against	https://www.last.fm/music/Rise+Against	https://lastfm-img2.akamaized.net/i/u/300x300/ee9a702cc86f4d3d865440d131bbc008.jpg
5	Robbie Williams	https://www.last.fm/music/Robbie+Williams	https://lastfm-img2.akamaized.net/i/u/300x300/65da268590262f1097e0a802e07f4e32.jpg
1	Ron Kavana	https://www.last.fm/music/Ron+Kavana	https://lastfm-img2.akamaized.net/i/u/300x300/f20d2fd900d94c5b908e5705820fff38.jpg
1	Ron Pope	https://www.last.fm/music/Ron+Pope	https://lastfm-img2.akamaized.net/i/u/300x300/566e26f6d2ab46da9218d96e50077e89.jpg
2	Royal Blood	https://www.last.fm/music/Royal+Blood	https://lastfm-img2.akamaized.net/i/u/300x300/b8b650b12489f2172ec4fe2fb9e0ad40.png
14	Runrig	https://www.last.fm/music/Runrig	https://lastfm-img2.akamaized.net/i/u/300x300/67696e7d0b894dec915468cab706f74c.jpg
1	RyanDan	https://www.last.fm/music/RyanDan	https://lastfm-img2.akamaized.net/i/u/300x300/d86c7d35eef34c1997d2ec2f349b05df.jpg
3	Sabaton	https://www.last.fm/music/Sabaton	https://lastfm-img2.akamaized.net/i/u/300x300/aa0a3d88689e4e6dad01e1ba71449658.jpg
1	Saltatio Mortis	https://www.last.fm/music/Saltatio+Mortis	https://lastfm-img2.akamaized.net/i/u/300x300/7f1773918d92405ea2609b31305826fd.jpg
1	Santiano	https://www.last.fm/music/Santiano	https://lastfm-img2.akamaized.net/i/u/300x300/84bd2cb16eb14b128fc3c2c7a73054a4.jpg
219	Scorpions	https://www.last.fm/music/Scorpions	https://lastfm-img2.akamaized.net/i/u/300x300/298e85a8d7014394ae8af5be8ffc97f8.jpg
19	Scrum	https://www.last.fm/music/Scrum	https://lastfm-img2.akamaized.net/i/u/300x300/f1f25b49016d4cdbb47305aacefa02b1.jpg
7	Sea Wolf	https://www.last.fm/music/Sea+Wolf	https://lastfm-img2.akamaized.net/i/u/300x300/6854fbf2fe3e435cc30bff2c3e7014fb.jpg
1	Seven Drunken Nights	https://www.last.fm/music/Seven+Drunken+Nights	
1	Sharon Shannon	https://www.last.fm/music/Sharon+Shannon	https://lastfm-img2.akamaized.net/i/u/300x300/6636e8fc19c74406ad095919dc4c1159.png
1	Shilelagh Law	https://www.last.fm/music/Shilelagh+Law	https://lastfm-img2.akamaized.net/i/u/300x300/b1892102d8904cb7808b672bb7d2aad6.jpg
6	Sia	https://www.last.fm/music/Sia	https://lastfm-img2.akamaized.net/i/u/300x300/926404526fb94e0dce34f473dfea2092.png
3	Sick Puppies	https://www.last.fm/music/Sick+Puppies	https://lastfm-img2.akamaized.net/i/u/300x300/dac7e7b894df4ca0b8a51191334f7804.jpg
1	Silk City	https://www.last.fm/music/Silk+City	https://lastfm-img2.akamaized.net/i/u/300x300/c29a2fb0f42bb3605ccbd1793bca18d6.png
2	Simon & Garfunkel	https://www.last.fm/music/Simon+&+Garfunkel	https://lastfm-img2.akamaized.net/i/u/300x300/60e81874f80e4385b4317a23f40f3e41.jpg
1	Simple Minds	https://www.last.fm/music/Simple+Minds	https://lastfm-img2.akamaized.net/i/u/300x300/55ed66176ae0bff7d386f3d385702fb2.png
316	Simple Plan	https://www.last.fm/music/Simple+Plan	https://lastfm-img2.akamaized.net/i/u/300x300/ab0b3c158c2378cbed4a8c26c79fabe7.png
1	Sinead O'Riordan	https://www.last.fm/music/Sinead+O%27Riordan	
1	Sinéad O'Connor	https://www.last.fm/music/Sin%C3%A9ad+O%27Connor	https://lastfm-img2.akamaized.net/i/u/300x300/43260cdda01b77f56e4260f897251a98.png
196	Sir Reg	https://www.last.fm/music/Sir+Reg	https://lastfm-img2.akamaized.net/i/u/300x300/f3966ba3919b4f189b7e28049e2c3dd5.jpg
1	Skid Row	https://www.last.fm/music/Skid+Row	https://lastfm-img2.akamaized.net/i/u/300x300/eccbd3fcd7c5498db030fdcbdd0402cd.jpg
2	Skinny Lister	https://www.last.fm/music/Skinny+Lister	https://lastfm-img2.akamaized.net/i/u/300x300/f468143a91a4caf42901248a2fe10169.jpg
10	Sleeping at Last	https://www.last.fm/music/Sleeping+at+Last	https://lastfm-img2.akamaized.net/i/u/300x300/02f63f169f1842f59d51f8b0e565ff72.jpg
26	Smokey Bastard	https://www.last.fm/music/Smokey+Bastard	https://lastfm-img2.akamaized.net/i/u/300x300/2fef871199f447498ece7b084c563731.jpg
70	Smokie	https://www.last.fm/music/Smokie	https://lastfm-img2.akamaized.net/i/u/300x300/d94f61c92c6d48c5a2276f6fd4741304.jpg
171	Snow Patrol	https://www.last.fm/music/Snow+Patrol	https://lastfm-img2.akamaized.net/i/u/300x300/d5b0ebdf4892e21d69716d183d6095a4.jpg
1	Solas	https://www.last.fm/music/Solas	https://lastfm-img2.akamaized.net/i/u/300x300/f93f68f8500c45ad82f31d1ec9b81a98.jpg
2	Spirit of the West	https://www.last.fm/music/Spirit+of+the+West	https://lastfm-img2.akamaized.net/i/u/300x300/1126f5803cd948329c8ca3be9b6609f7.png
1	Staind	https://www.last.fm/music/Staind	https://lastfm-img2.akamaized.net/i/u/300x300/e4085862f24c461badb122460eec7187.jpg
1	Stamp And Go Shanty	https://www.last.fm/music/Stamp+And+Go+Shanty	https://lastfm-img2.akamaized.net/i/u/300x300/7378087d9733463eab2901ef82e53381.jpg
1	Starship	https://www.last.fm/music/Starship	https://lastfm-img2.akamaized.net/i/u/300x300/afadb6e8aaf34a66ae230ba7aad9efd2.jpg
1	Status Quo	https://www.last.fm/music/Status+Quo	https://lastfm-img2.akamaized.net/i/u/300x300/dfafe0fc0bcf4f58b96ec7eebf1323ce.jpg
1	Steelheart	https://www.last.fm/music/Steelheart	https://lastfm-img2.akamaized.net/i/u/300x300/35b8ef327664492285ae43adb865c02b.jpg
6	Steppenwolf	https://www.last.fm/music/Steppenwolf	https://lastfm-img2.akamaized.net/i/u/300x300/1e4c33c39d5546dd99f5d842696afd97.jpg
497	Stereophonics	https://www.last.fm/music/Stereophonics	https://lastfm-img2.akamaized.net/i/u/300x300/e131911ccba14ef336c5851d927be01b.png
1600	Sting	https://www.last.fm/music/Sting	https://lastfm-img2.akamaized.net/i/u/300x300/5aa37be913da4459841d657d2db19cdf.jpg
5	Street Dogs	https://www.last.fm/music/Street+Dogs	https://lastfm-img2.akamaized.net/i/u/300x300/7b670802d5d34c2581dc2523e839b302.jpg
2	Styx	https://www.last.fm/music/Styx	https://lastfm-img2.akamaized.net/i/u/300x300/24f67d0a833347b0bafd7406c6413931.jpg
1	Subway to Sally	https://www.last.fm/music/Subway+to+Sally	https://lastfm-img2.akamaized.net/i/u/300x300/3c9bf02fa1dd4849b5cffef8430d21d4.jpg
8	Sum 41	https://www.last.fm/music/Sum+41	https://lastfm-img2.akamaized.net/i/u/300x300/d4cee9d79c0c4559c539a859482175ab.jpg
1	Supertramp	https://www.last.fm/music/Supertramp	https://lastfm-img2.akamaized.net/i/u/300x300/8878df0b5fee4de896c780adc802f511.jpg
1	Survivor	https://www.last.fm/music/Survivor	https://lastfm-img2.akamaized.net/i/u/300x300/a6c7aad6f2ed49e1991e5ee6a101d073.jpg
2	Switchfoot	https://www.last.fm/music/Switchfoot	https://lastfm-img2.akamaized.net/i/u/300x300/26133d0df4e64764b59a0b73524a2c25.png
1	System of a Down	https://www.last.fm/music/System+of+a+Down	https://lastfm-img2.akamaized.net/i/u/300x300/05d78b59cf1242f09fab2176c8bf07df.jpg
2	Tedi Spalato i klapa Munita	https://www.last.fm/music/Tedi+Spalato+i+klapa+Munita	
1	Teen Agers	https://www.last.fm/music/Teen+Agers	https://lastfm-img2.akamaized.net/i/u/300x300/4425d4e4b2594d37cd0ff3f5cece1e2e.jpg
2	The Airborne Toxic Event	https://www.last.fm/music/The+Airborne+Toxic+Event	https://lastfm-img2.akamaized.net/i/u/300x300/77645c7618124d07947b827761c4a763.jpg
2423	The Alias Acoustic Band	https://www.last.fm/music/The+Alias+Acoustic+Band	https://lastfm-img2.akamaized.net/i/u/300x300/2d5c8de10eed499c85bde4c17d545658.jpg
2	The American Wake	https://www.last.fm/music/The+American+Wake	https://lastfm-img2.akamaized.net/i/u/300x300/b7daef608ddd4ee496c35b367ad80586.jpg
1	The Animals	https://www.last.fm/music/The+Animals	https://lastfm-img2.akamaized.net/i/u/300x300/8f5070bdc8b946b383916db5df53592a.jpg
1	The Bastard Suns	https://www.last.fm/music/The+Bastard+Suns	https://lastfm-img2.akamaized.net/i/u/300x300/532f88fec54f437498f793429a2c7bd8.jpg
2754	The Beatles	https://www.last.fm/music/The+Beatles	https://lastfm-img2.akamaized.net/i/u/300x300/75e7379267c64dd688df97acfe31d344.jpg
9	The Black Ghosts	https://www.last.fm/music/The+Black+Ghosts	https://lastfm-img2.akamaized.net/i/u/300x300/97820fc098504c0c8fcc9171e444e3ae.gif
2	The Black Keys	https://www.last.fm/music/The+Black+Keys	https://lastfm-img2.akamaized.net/i/u/300x300/6cecd86c45894f17cfc3961b57d85620.png
3	The Bloody Irish Boys	https://www.last.fm/music/The+Bloody+Irish+Boys	https://lastfm-img2.akamaized.net/i/u/300x300/b07ca5339bd84ca7bc4c8d50a9d6e954.jpg
2	The Booze Brothers	https://www.last.fm/music/The+Booze+Brothers	https://lastfm-img2.akamaized.net/i/u/300x300/a4592c351e5645acb5c8779b574f2010.jpg
1	The Boy Least Likely To	https://www.last.fm/music/The+Boy+Least+Likely+To	https://lastfm-img2.akamaized.net/i/u/300x300/7939a51d4f4349ed8d989425c52d1839.jpg
15	The Bravery	https://www.last.fm/music/The+Bravery	https://lastfm-img2.akamaized.net/i/u/300x300/bf8f55abd545e56e68daee307bb39cf0.jpg
3	The Calling	https://www.last.fm/music/The+Calling	https://lastfm-img2.akamaized.net/i/u/300x300/c19354fa0b144d14bacc960001bebffd.jpg
1	The Casualties	https://www.last.fm/music/The+Casualties	https://lastfm-img2.akamaized.net/i/u/300x300/7dd4cb79e0ab497ab5cc0a9c42b43ede.jpg
2	The Chieftains	https://www.last.fm/music/The+Chieftains	https://lastfm-img2.akamaized.net/i/u/300x300/622c4ff5bc0446f490ed7f13eb0dae72.png
1	The Civil Wars	https://www.last.fm/music/The+Civil+Wars	https://lastfm-img2.akamaized.net/i/u/300x300/d6e709bd8f864752a36d580062ffa292.png
575	The Clan	https://www.last.fm/music/The+Clan	https://lastfm-img2.akamaized.net/i/u/300x300/2f9e061f2957278d952bd8916ed099bd.jpg
3	The Clancy Brothers	https://www.last.fm/music/The+Clancy+Brothers	https://lastfm-img2.akamaized.net/i/u/300x300/7428bee3c72f47d9a7ce7ba45764d94c.png
7	The Clash	https://www.last.fm/music/The+Clash	https://lastfm-img2.akamaized.net/i/u/300x300/26f9a3dbb8514f0abb36417324f94b66.jpg
1	The Crazy Rogues	https://www.last.fm/music/The+Crazy+Rogues	
1	The Currency	https://www.last.fm/music/The+Currency	https://lastfm-img2.akamaized.net/i/u/300x300/f079fcb741474ab9a70ca170c185af66.jpg
5	The Davitts	https://www.last.fm/music/The+Davitts	https://lastfm-img2.akamaized.net/i/u/300x300/8dcdb3dd28ab40739729db0b9314b0cd.jpg
2	The Dead Weather	https://www.last.fm/music/The+Dead+Weather	https://lastfm-img2.akamaized.net/i/u/300x300/e2aff27f3ed14e92a79ac4c48f1e7fd1.png
10	The Dreadnoughts	https://www.last.fm/music/The+Dreadnoughts	https://lastfm-img2.akamaized.net/i/u/300x300/de907bf75aa44481a1a7acffe6d71c76.jpg
1	The Dublin City Ramblers	https://www.last.fm/music/The+Dublin+City+Ramblers	https://lastfm-img2.akamaized.net/i/u/300x300/c310b85496f24e359470603156bb2c09.jpg
378	The Dubliners	https://www.last.fm/music/The+Dubliners	https://lastfm-img2.akamaized.net/i/u/300x300/adca7939bdde4861bc286413dfc5cdc0.jpg
241	The Enemy	https://www.last.fm/music/The+Enemy	https://lastfm-img2.akamaized.net/i/u/300x300/21d7562f69724c2ebc6576579ce12568.jpg
1	The Features	https://www.last.fm/music/The+Features	https://lastfm-img2.akamaized.net/i/u/300x300/982ac59e598e420c9e7fc63e5c579e22.jpg
11	The Fureys	https://www.last.fm/music/The+Fureys	https://lastfm-img2.akamaized.net/i/u/300x300/a3f79e7e2dcf485796b27445bbc0d1d0.jpg
3	The Go Set	https://www.last.fm/music/The+Go+Set	https://lastfm-img2.akamaized.net/i/u/300x300/36d1b4dab74d456ea5cb5f5f02b92d41.jpg
2	The Gobshites	https://www.last.fm/music/The+Gobshites	https://lastfm-img2.akamaized.net/i/u/300x300/61e1e0c0c60b45a899dcbe0bff9f1d44.jpg
129	The High Kings	https://www.last.fm/music/The+High+Kings	https://lastfm-img2.akamaized.net/i/u/300x300/7a277720f42e4c3f8094f8eaca17f13a.jpg
1	The Hives	https://www.last.fm/music/The+Hives	https://lastfm-img2.akamaized.net/i/u/300x300/04284819320a477f94c6684e5319c076.jpg
1	The Human Experimente	https://www.last.fm/music/The+Human+Experimente	https://lastfm-img2.akamaized.net/i/u/300x300/551be385015d4617b442035be0bc631d.jpg
1	The Irish Christmas & Celtic Christmas Nollag	https://www.last.fm/music/The+Irish+Christmas+&+Celtic+Christmas+Nollag	https://lastfm-img2.akamaized.net/i/u/300x300/358cc017b46e4a6dca18859fd71e4879.png
41	The Irish Rovers	https://www.last.fm/music/The+Irish+Rovers	https://lastfm-img2.akamaized.net/i/u/300x300/b0a4e398d0b04a839aa15b1ccf6148ba.jpg
2	The Irish Tenor Trio	https://www.last.fm/music/The+Irish+Tenor+Trio	https://lastfm-img2.akamaized.net/i/u/300x300/aed777bcb2f543a980fdaaf0b668aca3.jpg
2	The Irish Travelers	https://www.last.fm/music/The+Irish+Travelers	
1	The Jam	https://www.last.fm/music/The+Jam	https://lastfm-img2.akamaized.net/i/u/300x300/7fcdc44a82bf40dabebf088c7f593083.jpg
1	The Joy Formidable	https://www.last.fm/music/The+Joy+Formidable	https://lastfm-img2.akamaized.net/i/u/300x300/d67835f838da45efa35fa86548ff0232.png
388	The Kilkennys	https://www.last.fm/music/The+Kilkennys	https://lastfm-img2.akamaized.net/i/u/300x300/22e8c6ee407a3f9fd9d7202252e9d142.jpg
1244	The Killers	https://www.last.fm/music/The+Killers	https://lastfm-img2.akamaized.net/i/u/300x300/6583c8519c5393cbfdaf860f8bf6d68a.png
10	The Killigans	https://www.last.fm/music/The+Killigans	https://lastfm-img2.akamaized.net/i/u/300x300/bc43773e14c540abb222d242dfc37251.jpg
2	The Kinks	https://www.last.fm/music/The+Kinks	https://lastfm-img2.akamaized.net/i/u/300x300/97e46f3913464d4c99aeb60628c04488.jpg
3	The Kreellers	https://www.last.fm/music/The+Kreellers	
1	The Larkin Brigade	https://www.last.fm/music/The+Larkin+Brigade	https://lastfm-img2.akamaized.net/i/u/300x300/f8459573c4ef4847b7d855ce953f75d6.jpg
1	The Lemonheads	https://www.last.fm/music/The+Lemonheads	https://lastfm-img2.akamaized.net/i/u/300x300/979e752bb3b44eaaae1b1067aedc192b.jpg
20	The Logues	https://www.last.fm/music/The+Logues	
26	The Mahones	https://www.last.fm/music/The+Mahones	https://lastfm-img2.akamaized.net/i/u/300x300/fc24cc5e1988421c9b73afbc4f3bb648.jpg
1	The Moorings	https://www.last.fm/music/The+Moorings	https://lastfm-img2.akamaized.net/i/u/300x300/3f04706f32604fee99978ed9c3818d1c.jpg
10	The Nitty Gritty Dirt Band	https://www.last.fm/music/The+Nitty+Gritty+Dirt+Band	https://lastfm-img2.akamaized.net/i/u/300x300/814702df3c50492d9baf7317a0dd6f0b.png
20	The Nowhere Boys	https://www.last.fm/music/The+Nowhere+Boys	https://lastfm-img2.akamaized.net/i/u/300x300/14c2851870c841f1acca52c78e946f10.jpg
22	The O'Reillys and The Paddyhat	https://www.last.fm/music/The+O%27Reillys+and+The+Paddyhat	
621	The O'Reillys and the Paddyhats	https://www.last.fm/music/The+O%27Reillys+and+the+Paddyhats	https://lastfm-img2.akamaized.net/i/u/300x300/efa8f42687f61019d5b7c743ace43702.jpg
6	The Offspring	https://www.last.fm/music/The+Offspring	https://lastfm-img2.akamaized.net/i/u/300x300/b548fb7c10dc41d1a874f46b48f7c473.jpg
30	The Peelers	https://www.last.fm/music/The+Peelers	https://lastfm-img2.akamaized.net/i/u/300x300/f25965f26d0748b09bdfd129f27e4a9a.jpg
1534	The Pogues	https://www.last.fm/music/The+Pogues	https://lastfm-img2.akamaized.net/i/u/300x300/667d21a9419c45a6c5d61bc0ac08241f.png
1	The Pogues & The Dubliners	https://www.last.fm/music/The+Pogues+&+The+Dubliners	https://lastfm-img2.akamaized.net/i/u/300x300/fb24a0dd8faa47e484572650232d27d8.jpg
22	The Police	https://www.last.fm/music/The+Police	https://lastfm-img2.akamaized.net/i/u/300x300/7d54fdbc43b642e28aeabd0ae3ed671a.jpg
4	The Porters	https://www.last.fm/music/The+Porters	https://lastfm-img2.akamaized.net/i/u/300x300/1825f347a69645d997c062f878570ab4.jpg
9242	The Proclaimers	https://www.last.fm/music/The+Proclaimers	https://lastfm-img2.akamaized.net/i/u/300x300/f3dfc3e11b0e4661a793dfb2b59928cd.jpg
1	The Prodigals	https://www.last.fm/music/The+Prodigals	https://lastfm-img2.akamaized.net/i/u/300x300/29eaca1e92354162851566429a8f2320.jpg
2	The Raconteurs	https://www.last.fm/music/The+Raconteurs	https://lastfm-img2.akamaized.net/i/u/300x300/60b2d3e69e524c46b4287fe449d49199.jpg
46	The Real McKenzies	https://www.last.fm/music/The+Real+McKenzies	https://lastfm-img2.akamaized.net/i/u/300x300/26a7dc84021846a4abc91651a5d5071c.jpg
3	The Rolling Stones	https://www.last.fm/music/The+Rolling+Stones	https://lastfm-img2.akamaized.net/i/u/300x300/416afefd48a84a76cad4d36b4c9b53f4.jpg
1	The Romantics	https://www.last.fm/music/The+Romantics	https://lastfm-img2.akamaized.net/i/u/300x300/c24a69736b88436aa41cf424b20ae59a.jpg
1618	The Rumjacks	https://www.last.fm/music/The+Rumjacks	https://lastfm-img2.akamaized.net/i/u/300x300/40d738cd352c4a0bb71798a34dbd15c4.jpg
1	The Sandsacks	https://www.last.fm/music/The+Sandsacks	https://lastfm-img2.akamaized.net/i/u/300x300/1fdf1bf7b0f34ab1b36aa8ce99a01dae.jpg
1	The Saw Doctors	https://www.last.fm/music/The+Saw+Doctors	https://lastfm-img2.akamaized.net/i/u/300x300/0865cdd8d0af431abcc8b10dbd456730.jpg
412	The Script	https://www.last.fm/music/The+Script	https://lastfm-img2.akamaized.net/i/u/300x300/f281f649a4a7aa0e9020e47aa696eee9.png
7	The Smiths	https://www.last.fm/music/The+Smiths	https://lastfm-img2.akamaized.net/i/u/300x300/1f6b747994bdbbd09eda60f30f6b52ee.png
2	The Stanfields	https://www.last.fm/music/The+Stanfields	https://lastfm-img2.akamaized.net/i/u/300x300/9f8a7d4164f646abc6a698d22b5acd6c.jpg
2	The Strokes	https://www.last.fm/music/The+Strokes	https://lastfm-img2.akamaized.net/i/u/300x300/6278187d866420fa64426c66c37d99a6.png
1	The Subways	https://www.last.fm/music/The+Subways	https://lastfm-img2.akamaized.net/i/u/300x300/11e10ca0f6bf4041bb3987686836d469.jpg
573	The Tossers	https://www.last.fm/music/The+Tossers	https://lastfm-img2.akamaized.net/i/u/300x300/4668ee1ca8cb4ddba12cfc43e75481f6.jpg
2	The Vaccines	https://www.last.fm/music/The+Vaccines	https://lastfm-img2.akamaized.net/i/u/300x300/04cf807220b34852313bf211367e1b9e.jpg
1	The Verve	https://www.last.fm/music/The+Verve	https://lastfm-img2.akamaized.net/i/u/300x300/37375d8365cf46deae295b66ebe7f214.png
1	The Vines	https://www.last.fm/music/The+Vines	https://lastfm-img2.akamaized.net/i/u/300x300/6202f679ab1944be94dec719833af223.jpg
1	The Waterboys	https://www.last.fm/music/The+Waterboys	https://lastfm-img2.akamaized.net/i/u/300x300/5988a1c784794e7f9c4e4d8e1b65004f.jpg
4	The White Stripes	https://www.last.fm/music/The+White+Stripes	https://lastfm-img2.akamaized.net/i/u/300x300/2c90e605d4e241c68aa5ecaf58c816ac.jpg
37	The Wolfe Tones	https://www.last.fm/music/The+Wolfe+Tones	https://lastfm-img2.akamaized.net/i/u/300x300/d2b68119f50f49daaa9f196c156ba8d5.jpg
1	The Wolfie Tones	https://www.last.fm/music/The+Wolfie+Tones	
396	The Young Dubliners	https://www.last.fm/music/The+Young+Dubliners	https://lastfm-img2.akamaized.net/i/u/300x300/0f58d03a611d49d190f2164bd522a6da.jpg
1	Theory of a Deadman	https://www.last.fm/music/Theory+of+a+Deadman	https://lastfm-img2.akamaized.net/i/u/300x300/8c3d4dc3cd204f7689af28b5496a7aea.jpg
10	Thom Yorke	https://www.last.fm/music/Thom+Yorke	https://lastfm-img2.akamaized.net/i/u/300x300/60db466b41eb4438b41d710f576d0119.jpg
169	Three Days Grace	https://www.last.fm/music/Three+Days+Grace	https://lastfm-img2.akamaized.net/i/u/300x300/e5def90f8ebc4f83b1e90bb0ba3fe190.jpg
1	Tim Minchin	https://www.last.fm/music/Tim+Minchin	https://lastfm-img2.akamaized.net/i/u/300x300/9dee44225f6147868b61ee77dd061d38.jpg
1	Tom Hiddleston	https://www.last.fm/music/Tom+Hiddleston	https://lastfm-img2.akamaized.net/i/u/300x300/8a247f7f03fd4aa6a569b79202a9298c.png
38	Tom Odell	https://www.last.fm/music/Tom+Odell	https://lastfm-img2.akamaized.net/i/u/300x300/0328691bf2ee49cd9cc8f2a99e933e8d.jpg
1	Tom Petty	https://www.last.fm/music/Tom+Petty	https://lastfm-img2.akamaized.net/i/u/300x300/8ab7e8517da54d87846c8da4c4907fd9.jpg
9	Tom Waits	https://www.last.fm/music/Tom+Waits	https://lastfm-img2.akamaized.net/i/u/300x300/69a0a0f70682450ec5bb9b88b4fb93ca.png
1	Twenty One Pilots	https://www.last.fm/music/Twenty+One+Pilots	https://lastfm-img2.akamaized.net/i/u/300x300/102ec2dabda5bde30a65063d2045a985.png
2732	U2	https://www.last.fm/music/U2	https://lastfm-img2.akamaized.net/i/u/300x300/23d1785098d85a47ae96898e7fb47dec.png
5	UNKLE	https://www.last.fm/music/UNKLE	https://lastfm-img2.akamaized.net/i/u/300x300/da52da4c33d84a6699892deee065c0a2.jpg
5	Vampire Weekend	https://www.last.fm/music/Vampire+Weekend	https://lastfm-img2.akamaized.net/i/u/300x300/1a59fc0566cb8dc84676a08b17c28379.png
1	Van Halen	https://www.last.fm/music/Van+Halen	https://lastfm-img2.akamaized.net/i/u/300x300/b71b62e86af24c268d1ef971b5e500a7.jpg
1	Van Morrison	https://www.last.fm/music/Van+Morrison	https://lastfm-img2.akamaized.net/i/u/300x300/17dce5752a124406ba67a5445d1e57f2.jpg
3	Vancouver Sleep Clinic	https://www.last.fm/music/Vancouver+Sleep+Clinic	https://lastfm-img2.akamaized.net/i/u/300x300/ae80d87c9d9d0e5f31324a88b5cd7dce.jpg
1	Velvet Revolver	https://www.last.fm/music/Velvet+Revolver	https://lastfm-img2.akamaized.net/i/u/300x300/0f341206854e4e8f86e58d253bb9985f.jpg
1	Versengold	https://www.last.fm/music/Versengold	https://lastfm-img2.akamaized.net/i/u/300x300/d38cf4e81f5f5fde746414c77f7df75a.jpg
1	Vojko V	https://www.last.fm/music/Vojko+V	https://lastfm-img2.akamaized.net/i/u/300x300/e56e752664852752a405f7752da11011.jpg
1	Walk Off the Earth	https://www.last.fm/music/Walk+Off+the+Earth	https://lastfm-img2.akamaized.net/i/u/300x300/4928ae8f0172435abaf94e4e7c45dc4a.png
1	Warrant	https://www.last.fm/music/Warrant	https://lastfm-img2.akamaized.net/i/u/300x300/0b0835ad239a4592914f5e1984be3dfa.jpg
1	Weezer	https://www.last.fm/music/Weezer	https://lastfm-img2.akamaized.net/i/u/300x300/68a6da97b79c474c93d08b11dc9b2899.jpg
300	White Lies	https://www.last.fm/music/White+Lies	https://lastfm-img2.akamaized.net/i/u/300x300/cd4aef31db834f38b7691bd73cece19f.png
9	Whitesnake	https://www.last.fm/music/Whitesnake	https://lastfm-img2.akamaized.net/i/u/300x300/29b50a52515d422abeafc3c01b3e2fab.png
1	Wildlife	https://www.last.fm/music/Wildlife	https://lastfm-img2.akamaized.net/i/u/300x300/696aaa4cc65c4a08bb7ec6d9466f50e9.jpg
2	Y&T	https://www.last.fm/music/Y&T	https://lastfm-img2.akamaized.net/i/u/300x300/ca634af3436a43c2b7ab2f65c8b33f44.jpg
3	Ye Banished Privateers	https://www.last.fm/music/Ye+Banished+Privateers	https://lastfm-img2.akamaized.net/i/u/300x300/34d6de04994e4881b77a5c0aed937912.png
57	Yiruma	https://www.last.fm/music/Yiruma	https://lastfm-img2.akamaized.net/i/u/300x300/6d0c3952e7d6414da04459fd2173086c.png
3	You Me at Six	https://www.last.fm/music/You+Me+at+Six	https://lastfm-img2.akamaized.net/i/u/300x300/35f4e83ae3603b0b8baa76c24d056de7.jpg
269	Young Guns	https://www.last.fm/music/Young+Guns	https://lastfm-img2.akamaized.net/i/u/300x300/d7703da983ad251117e00afc931206a8.jpg
1	ZZ Top	https://www.last.fm/music/ZZ+Top	https://lastfm-img2.akamaized.net/i/u/300x300/13ce8c2996724637aef52636d19cb361.jpg
545	blink-182	https://www.last.fm/music/blink-182	https://lastfm-img2.akamaized.net/i/u/300x300/276cce288e344b6cab672ab4d531eb5a.jpg
407	fun.	https://www.last.fm/music/fun.	https://lastfm-img2.akamaized.net/i/u/300x300/6a272840191e41d69072d00e31cc9c4d.jpg
3	Ólafur Arnalds	https://www.last.fm/music/%C3%93lafur+Arnalds	https://lastfm-img2.akamaized.net/i/u/300x300/28aeaea416cd3aaade5d3a31ee45136b.png
